{"frac_sum": 0.6373276776246025, "tot_fit": -0.005091982466875587, "frac_fit": 0.540666232724495, "tot_sum": -89.51074349896027}