{"frac_sum": 0.0, "tot_fit": 0.0003757398226050812, "frac_fit": -0.03849332383979577, "tot_sum": 6.739409107556924}