{"frac_sum": 0.6999012833168805, "tot_fit": 0.003795639924447056, "frac_fit": 0.6578926312834537, "tot_sum": 96.1552313514812}