{"frac_sum": 0.6276346604215457, "tot_fit": -0.0016337885904856198, "frac_fit": 0.5897571929831207, "tot_sum": -40.531375900377554}