{"frac_sum": -2.7142857142857144, "tot_fit": 0.0007306961887360746, "frac_fit": 0.8801375904348173, "tot_sum": -2.6577951410083642}