{"frac_sum": 0.6927083333333333, "tot_fit": 0.0017246994124229071, "frac_fit": 0.837280585888337, "tot_sum": 36.44976193382901}