{"frac_sum": 0.4046692607003891, "tot_fit": 0.0010201415546681192, "frac_fit": 0.46098494309403454, "tot_sum": 24.394762544255343}