{"frac_sum": -0.18326693227091623, "tot_fit": 0.0007396609776359792, "frac_fit": -0.03984421004094965, "tot_sum": 23.82523501403928}