{"frac_sum": 3.484848484848485, "tot_fit": 0.0005082581702084976, "frac_fit": 0.7840478525815536, "tot_sum": 3.1324014161884293}