{"frac_sum": 1.3543307086614174, "tot_fit": -0.0007745627212001117, "frac_fit": 0.8340459071389587, "tot_sum": -12.054999389573652}