{"frac_sum": -5.5, "tot_fit": -0.0006484693727042898, "frac_fit": -0.2271759530855275, "tot_sum": -1.7085825906482341}