{"frac_sum": 0.3626943005181347, "tot_fit": -0.0004200086268330565, "frac_fit": 0.47250732238823745, "tot_sum": -18.31980222195051}