{"frac_sum": 0.5758275596612779, "tot_fit": -0.003461424874109876, "frac_fit": 0.6014882517138764, "tot_sum": -123.30271029178093}