{"frac_sum": 0.5552712384851587, "tot_fit": -0.006629680256297388, "frac_fit": 0.5507701199310643, "tot_sum": -185.47613234036945}