{"frac_sum": 0.65, "tot_fit": 0.0020553306547324854, "frac_fit": 0.6443196058121482, "tot_sum": 51.257477719447024}