{"frac_sum": 1.2119815668202767, "tot_fit": -0.0016917411321588044, "frac_fit": 1.0550513615958772, "tot_sum": -41.195824685629646}