{"frac_sum": 0.7278911564625851, "tot_fit": -0.000569112693209256, "frac_fit": 0.6048990904940539, "tot_sum": -13.953424490293912}