{"frac_sum": 0.652061855670103, "tot_fit": -0.0011080597999799408, "frac_fit": 0.6412399501884269, "tot_sum": -36.82944695397306}