{"frac_sum": 0.539647577092511, "tot_fit": -0.0029450955757750175, "frac_fit": 0.5560124389331196, "tot_sum": -86.18849957269983}