{"frac_sum": 0.8613861386138622, "tot_fit": -0.0002824981295873949, "frac_fit": 1.357404268819233, "tot_sum": -9.587046758637314}