{"frac_sum": 0.1844660194174791, "tot_fit": 0.0008872628591700682, "frac_fit": 0.29289085839628004, "tot_sum": 19.553778537419056}