{"frac_sum": 0.5294117647058824, "tot_fit": -8.349730120649212e-05, "frac_fit": -0.5172162449809456, "tot_sum": -8.068306678061106}