{"frac_sum": 1.2794117647058822, "tot_fit": -0.0003782023409415059, "frac_fit": 0.7345673042199725, "tot_sum": -6.4546453424488845}