{"frac_sum": 2.306451612903226, "tot_fit": 0.00015349099619792878, "frac_fit": 3.5241475710954417, "tot_sum": 5.8851178122328065}