{"frac_sum": -0.9798994974874364, "tot_fit": 0.000559791008450633, "frac_fit": -1.272127929368692, "tot_sum": 18.889329752166603}