{"frac_sum": 2.859649122807025, "tot_fit": 0.00013130515358533728, "frac_fit": 3.579087371221916, "tot_sum": 5.410511537052727}