{"frac_sum": 0.36774193548387085, "tot_fit": 0.0011712665242213723, "frac_fit": 0.3459590701461827, "tot_sum": 44.13838359174606}