{"frac_sum": -0.43859649122805633, "tot_fit": 0.0002485325546622422, "frac_fit": 0.7553644563500411, "tot_sum": -5.410511537052912}