{"frac_sum": 1.634615384615383, "tot_fit": 0.0009329496460000823, "frac_fit": 0.7662336330680504, "tot_sum": 9.871810523745367}