{"frac_sum": 0.3522012578616352, "tot_fit": 0.0004031402864678207, "frac_fit": 0.2522037021583804, "tot_sum": 15.092479550726068}