{"frac_sum": 0.030303030303030304, "tot_fit": 0.0003739540914432769, "frac_fit": 0.23283455054816582, "tot_sum": 6.264802832377093}