{"frac_sum": 1.2383419689119204, "tot_fit": 0.0008082373392437013, "frac_fit": 0.978209914533986, "tot_sum": 18.31980222195085}