{"frac_sum": 0.5816666666666667, "tot_fit": -0.0023990494255780558, "frac_fit": 0.4970977510070519, "tot_sum": -56.95275302160782}