{"frac_sum": 0.317307692307693, "tot_fit": 9.006432787654996e-05, "frac_fit": -1.8680712209795949, "tot_sum": 9.871810523745701}