{"frac_sum": 0.4677419354838699, "tot_fit": -0.00011059804068280776, "frac_fit": -0.2343336684483982, "tot_sum": -5.885117812232828}