{"frac_sum": 0.4841269841269846, "tot_fit": 0.0003479432995609767, "frac_fit": 0.3230602349423981, "tot_sum": 11.96007813453803}