{"frac_sum": 0.5452091767881242, "tot_fit": -0.002981086229308272, "frac_fit": 0.5634946861152252, "tot_sum": -70.33664998168565}