{"frac_sum": 0.5397489539748954, "tot_fit": -0.0020505237482454394, "frac_fit": 0.5898130579139578, "tot_sum": -68.05853986082134}