{"frac_sum": -0.07058823529411765, "tot_fit": -0.00029198877247554915, "frac_fit": 0.4353954284249705, "tot_sum": -8.068306678061106}