{"frac_sum": 0.26821192052979825, "tot_fit": -0.0011105878346947525, "frac_fit": 0.3449581478287744, "tot_sum": -28.666219020876255}