{"frac_sum": 0.2377622377622365, "tot_fit": -0.00043671735225492714, "frac_fit": 0.32257598658052195, "tot_sum": -13.573739470149931}