{"frac_sum": 2.466666666666683, "tot_fit": 3.182542088169134e-05, "frac_fit": 6.465528289892559, "tot_sum": 4.271456476620557}