{"frac_sum": 2.2222222222222223, "tot_fit": 6.720909995640409e-05, "frac_fit": -2.4535420395506895, "tot_sum": -5.125747771944702}