{"frac_sum": 1.149193548387094, "tot_fit": -0.001088663115237825, "frac_fit": 0.9802641755435654, "tot_sum": -23.54047124893161}