{"frac_sum": 0.14606741573033707, "tot_fit": 0.0005487248702112923, "frac_fit": 0.2409654254185946, "tot_sum": 8.447991698205158}