{"frac_sum": 0.8298969072164966, "tot_fit": -0.0007592472308359799, "frac_fit": 0.8703768485613583, "tot_sum": -18.414723476986694}