{"frac_sum": -0.21789883268482477, "tot_fit": 0.000782933305292067, "frac_fit": -0.0976409326828964, "tot_sum": 24.394762544255357}