{"frac_sum": 0.2942857142857186, "tot_fit": 0.0010524398282527063, "frac_fit": 0.38434007777387524, "tot_sum": 33.22243926260525}