{"frac_sum": 0.3796296296296294, "tot_fit": 0.0009065822340300044, "frac_fit": 0.4248672523949021, "tot_sum": 20.50299108777953}