{"frac_sum": -6.799999999999949, "tot_fit": 8.690813659508148e-05, "frac_fit": -0.1482126597024398, "tot_sum": 0.47460627518008636}