{"frac_sum": -0.38095238095238165, "tot_fit": 0.0001074876157411121, "frac_fit": -0.10387315239422161, "tot_sum": 1.9933463557563442}