{"frac_sum": 0.6764705882352963, "tot_fit": 5.795230564385173e-05, "frac_fit": 1.6609343495901971, "tot_sum": -6.454645342449048}