{"frac_sum": 1.0375, "tot_fit": 0.0005827246904948069, "frac_fit": 0.7497590341742355, "tot_sum": 7.593700402881318}