{"frac_sum": -0.0, "tot_fit": -0.0008606182348284474, "frac_fit": 0.13686552359424467, "tot_sum": -20.12330606763542}