{"frac_sum": 0.68, "tot_fit": -0.0015256924378567725, "frac_fit": 0.608355685494949, "tot_sum": -18.9842510072026}