{"frac_sum": -1.1923076923076545, "tot_fit": 0.00015703578335922764, "frac_fit": -0.3330867735067014, "tot_sum": 2.467952630936473}