{"frac_sum": 0.9052631578947369, "tot_fit": 0.00014477769840645692, "frac_fit": 1.2574622819937475, "tot_sum": 9.017519228421236}