{"frac_sum": 0.4523809523809524, "tot_fit": -0.00046823227850811226, "frac_fit": 0.5425962354605292, "tot_sum": -11.960078134538087}