{"frac_sum": 1.2315789473684167, "tot_fit": -9.876542991982262e-05, "frac_fit": 2.9868054467241967, "tot_sum": -9.017519228421605}