{"frac_sum": 0.9847328244274812, "tot_fit": 0.00022018994043140688, "frac_fit": 1.4078119646283163, "tot_sum": 12.434684409718166}