{"frac_sum": 0.5853658536585357, "tot_fit": 0.0010186885888930014, "frac_fit": 0.5573511800277519, "tot_sum": 27.242400195336685}