{"frac_sum": 0.22807017543859268, "tot_fit": -0.0007053635262709753, "frac_fit": 0.3044934175300875, "tot_sum": -21.642046148211328}