{"frac_sum": 0.10256410256410384, "tot_fit": 7.088829344242615e-05, "frac_fit": 0.8320576436255989, "tot_sum": 3.7019289464045997}