{"frac_sum": 0.6285714285714288, "tot_fit": 0.00047810409189481557, "frac_fit": 0.48237196239877794, "tot_sum": 9.966731778781707}