{"frac_sum": 0.2, "tot_fit": -0.0006227735333565036, "frac_fit": 0.2816643681309009, "tot_sum": -23.730313759003252}