{"frac_sum": 0.8734939759036114, "tot_fit": 0.000356024449391411, "frac_fit": 1.1858336441428796, "tot_sum": 15.756928335978287}