{"frac_sum": 0.3105263157894737, "tot_fit": -0.0005615277375206465, "frac_fit": 0.19701942421344626, "tot_sum": -18.03503845684247}