{"frac_sum": 0.4276729559748414, "tot_fit": -0.0005465966762973169, "frac_fit": 0.28976118785134014, "tot_sum": -15.092479550726324}