{"frac_sum": 0.013513513513513301, "tot_fit": 0.00028209657091821333, "frac_fit": -0.02966831429318579, "tot_sum": 7.024172872665204}