{"frac_sum": 0.21359223300970873, "tot_fit": -0.0005840183515079655, "frac_fit": 0.18455376523503278, "tot_sum": -19.55377853741941}