{"frac_sum": 0.02450980392156861, "tot_fit": -0.0001663845174413284, "frac_fit": -0.45553986093404697, "tot_sum": -19.363936027346668}