{"frac_sum": -0.20639534883720922, "tot_fit": 0.0006109554427362607, "frac_fit": -0.4890858850236245, "tot_sum": 32.65291173238849}