{"frac_sum": 0.6791443850267415, "tot_fit": -0.001411033274282294, "frac_fit": 0.7197294706227612, "tot_sum": -35.500549383469234}