{"frac_sum": 1.0940170940170932, "tot_fit": -0.0005313197764160954, "frac_fit": 0.9218895427692042, "tot_sum": -11.105786839213664}