{"frac_sum": 0.9534883720930237, "tot_fit": -0.0016616467791365271, "frac_fit": 0.8232293372015974, "tot_sum": -36.73452569893743}