{"frac_sum": 0.2916666666666627, "tot_fit": -0.0009307233128621473, "frac_fit": 0.4317040448486243, "tot_sum": -22.781101208643435}