{"frac_sum": 0.3031674208144762, "tot_fit": -0.0006835406663900576, "frac_fit": 0.05045182265437999, "tot_sum": -20.977597362959116}