{"frac_sum": 0.18811881188118826, "tot_fit": -0.00041714177036289435, "frac_fit": -0.067257849011186, "tot_sum": -19.17409351727533}