{"frac_sum": 0.4047019311502939, "tot_fit": -0.0037116575547651532, "frac_fit": 0.4139139715775548, "tot_sum": -113.0512147478915}