{"frac_sum": 0.28606356968215313, "tot_fit": 0.0014765435061813762, "frac_fit": 0.3409513581415589, "tot_sum": 38.8227933097296}