{"frac_sum": 1.023255813953489, "tot_fit": 0.0004725968436654869, "frac_fit": 1.1848157046223482, "tot_sum": 16.326455866194394}