{"frac_sum": 3.1515151515151514, "tot_fit": -0.0005432284344535354, "frac_fit": -0.10449890241043677, "tot_sum": 3.1324014161884293}