{"frac_sum": 0.9342105263157895, "tot_fit": -0.00016696924871983931, "frac_fit": 0.8503712563555083, "tot_sum": -7.214015382737259}