{"frac_sum": -0.7105263157895019, "tot_fit": 0.0006593866046853412, "frac_fit": -0.36580496483782066, "tot_sum": 14.428030765473736}