{"frac_sum": 0.5225225225225227, "tot_fit": -0.00019160501242331657, "frac_fit": 0.579255621686859, "tot_sum": -10.536259308997835}