{"frac_sum": 8.888888888886486, "tot_fit": -5.418772019073038e-05, "frac_fit": 5.20940263053952, "tot_sum": -0.85429129532438}