{"frac_sum": 0.049107142857143675, "tot_fit": 0.000614367345330094, "frac_fit": 0.02655471356358982, "tot_sum": 21.262361128067354}