{"frac_sum": -0.22222222222221621, "tot_fit": -0.00021745134138202341, "frac_fit": 0.1738859012333282, "tot_sum": -6.834330362593121}