{"frac_sum": 0.8068181818181818, "tot_fit": -0.000705010675449663, "frac_fit": 0.5638468729540385, "tot_sum": -8.353070443169457}