{"frac_sum": 0.6206896551724138, "tot_fit": 0.0006198500124143626, "frac_fit": 0.6403601783628521, "tot_sum": 11.010865584177921}