{"frac_sum": 0.4896551724137931, "tot_fit": -0.0005084474410706784, "frac_fit": 0.7305807910793004, "tot_sum": -13.763581980221886}