{"frac_sum": 0.7925531914893577, "tot_fit": 0.0010106863497584273, "frac_fit": 0.6683238366634792, "tot_sum": 17.845195946770694}