{"frac_sum": 1.3000000000000003, "tot_fit": -0.00022727932946975393, "frac_fit": 0.6217727329476845, "tot_sum": -0.9492125503601585}