{"frac_sum": -0.5999999999999978, "tot_fit": -8.509348973651137e-05, "frac_fit": 1.1184588857748152, "tot_sum": 0.4746062751800757}