{"frac_sum": 0.7810650887573964, "tot_fit": 0.001155973025593864, "frac_fit": 0.7602395306712119, "tot_sum": 32.0833842021724}