{"frac_sum": 0.274247491638796, "tot_fit": -0.0024093925808070012, "frac_fit": 0.3693272916516655, "tot_sum": -56.76291051153579}