{"frac_sum": 0.7514792899408324, "tot_fit": -0.0010659946119996515, "frac_fit": 0.6554284033169823, "tot_sum": -16.041692101086554}