{"frac_sum": 0.5102040816326531, "tot_fit": 0.0007897160026479643, "frac_fit": 0.4453533087101116, "tot_sum": 18.60456598705855}