{"frac_sum": 1.0909090909090908, "tot_fit": 0.00044370042944332866, "frac_fit": 0.6710552729054693, "tot_sum": 6.2648028323768585}