{"frac_sum": 0.5143769968051116, "tot_fit": 0.000878148856040058, "frac_fit": 0.48229056826897543, "tot_sum": 29.710352826272526}