{"frac_sum": -3.6458333333333335, "tot_fit": -0.0004996717657557337, "frac_fit": 1.994430910941895, "tot_sum": 4.556220241728624}