{"frac_sum": 0.3854166666666667, "tot_fit": -0.002394630987631987, "frac_fit": 0.4867082208349903, "tot_sum": -36.44976193382901}