{"frac_sum": 0.3540609137055838, "tot_fit": -0.0032259512355983866, "frac_fit": 0.4499972655559362, "tot_sum": -74.79794896837828}