{"frac_sum": 0.7172413793103447, "tot_fit": 0.001474117906420679, "frac_fit": 0.6627477787753929, "tot_sum": 55.05432792088757}