{"frac_sum": -31.0, "tot_fit": -0.000789690472972119, "frac_fit": -0.47457364798922835, "tot_sum": -0.569527530216078}