{"frac_sum": 0.3991031390134529, "tot_fit": 0.0004446894959837522, "frac_fit": 0.6589347089133561, "tot_sum": 21.1674398730309}