{"frac_sum": 0.49544072948328266, "tot_fit": 0.0008169385772212608, "frac_fit": 0.10020741761644512, "tot_sum": 31.22909290684828}