{"frac_sum": 0.25261324041811845, "tot_fit": -0.0013093973024018843, "frac_fit": 0.1229900095925457, "tot_sum": -54.48480039067147}