{"frac_sum": 1.669467787114845, "tot_fit": 0.0015382278071106497, "frac_fit": 1.3784660224610044, "tot_sum": 33.88688804785667}