{"frac_sum": 0.8684210526315788, "tot_fit": 0.003630630468750173, "frac_fit": 0.681863792617035, "tot_sum": 61.31913075326443}