{"frac_sum": -0.28384279475982516, "tot_fit": 0.0012395293951102417, "frac_fit": -0.16746503321821554, "tot_sum": 21.736967403246993}