{"frac_sum": 0.8080000000000002, "tot_fit": -0.004064761725030549, "frac_fit": 0.6774991287492732, "tot_sum": -83.05609815651138}