{"frac_sum": 0.44945848375451264, "tot_fit": -0.0014204600251973513, "frac_fit": 0.40509355456194945, "tot_sum": -52.58637528995121}