{"frac_sum": 0.5947409126063418, "tot_fit": 0.005288701099380516, "frac_fit": 0.5196856045309308, "tot_sum": 122.73318276156483}