{"frac_sum": 1.3497942386831276, "tot_fit": 0.0016140032223985778, "frac_fit": 0.8975421802632999, "tot_sum": 23.06586497375116}