{"frac_sum": 3.0869565217391304, "tot_fit": 0.00020708735995102694, "frac_fit": 3.0368740197674904, "tot_sum": 4.366377731656598}