{"frac_sum": 0.5614035087719298, "tot_fit": 0.0014141566082741808, "frac_fit": 0.40598615677710964, "tot_sum": 27.052557685263736}