{"frac_sum": 0.41834677419354843, "tot_fit": -0.003370532188098944, "frac_fit": 0.38493495848691006, "tot_sum": -94.16188499572493}