{"frac_sum": 0.32432432432432434, "tot_fit": -0.0014959057092332646, "frac_fit": 0.3616742344445934, "tot_sum": -38.632950799657294}