{"frac_sum": 0.4268292682926829, "tot_fit": 0.0008670899629945572, "frac_fit": 0.4429839584439537, "tot_sum": -7.783542912953067}