{"frac_sum": 0.3307240704500979, "tot_fit": 0.0030741652076932495, "frac_fit": 0.31946553106678605, "tot_sum": 97.00952264680531}