{"frac_sum": 0.21206581352833637, "tot_fit": -0.0016068628014751186, "frac_fit": 0.028038194447813785, "tot_sum": -51.921926504699115}