{"frac_sum": 0.4279123414071511, "tot_fit": -0.002463916555392091, "frac_fit": 0.397852434969669, "tot_sum": -82.29672811622329}