{"frac_sum": -0.18681318681318682, "tot_fit": -0.0008050008985872603, "frac_fit": -0.2858645155644277, "tot_sum": -25.91350262483155}