{"frac_sum": -1.1555555555555554, "tot_fit": 0.000325522353146884, "frac_fit": 2.1848894706059903, "tot_sum": -8.54291295324117}