{"frac_sum": 0.5561257216164208, "tot_fit": 0.0053575477945008165, "frac_fit": 0.5347292052226966, "tot_sum": 147.9822366011443}