{"frac_sum": -1.298611111111115, "tot_fit": -0.0013588829225109405, "frac_fit": -0.03549674704200655, "tot_sum": -13.668660725185845}