{"frac_sum": 0.18330308529945555, "tot_fit": -0.0028367174775985387, "frac_fit": 0.3102315980408144, "tot_sum": -52.30161152484317}