{"frac_sum": 0.35384615384615387, "tot_fit": -0.002488324896941138, "frac_fit": 0.34506989648427094, "tot_sum": -74.03857892809015}