{"frac_sum": 0.5142378559463987, "tot_fit": -0.0024510005599509554, "frac_fit": 0.5009586005554875, "tot_sum": -56.667989256499766}