{"frac_sum": 1.076086956521739, "tot_fit": 0.001054138835392112, "frac_fit": 1.1472659934923242, "tot_sum": 26.19826638993959}