{"frac_sum": -6.473684210526214, "tot_fit": -0.0004688400740236204, "frac_fit": 2.248161839896461, "tot_sum": 1.8035038456842756}