{"frac_sum": 0.7318908748824082, "tot_fit": 0.004050701028469278, "frac_fit": 0.7198431003307365, "tot_sum": 100.90129410328186}