{"frac_sum": 10.000000000000007, "tot_fit": -0.0006098599734459173, "frac_fit": 1.7350245792685037, "tot_sum": -2.088267610792286}