{"frac_sum": 0.2692307692307692, "tot_fit": -0.0016936566821499843, "frac_fit": 0.3078016768585978, "tot_sum": -41.95519472591775}