{"frac_sum": 0.40810810810810816, "tot_fit": 0.0039336109909145385, "frac_fit": 0.42514267196342687, "tot_sum": 105.36259308997447}