{"frac_sum": 2.0753424657534216, "tot_fit": 0.0006923400529266733, "frac_fit": 1.9310919082212685, "tot_sum": 13.858503235257928}