{"frac_sum": 1.0310880829015536, "tot_fit": 0.00026264547682730566, "frac_fit": 0.6780962108776719, "tot_sum": 18.31980222195054}