{"frac_sum": 0.12035661218424963, "tot_fit": 0.0015628074268944935, "frac_fit": 0.017568246832534794, "tot_sum": 63.882004639236754}