{"frac_sum": 0.7702127659574466, "tot_fit": -0.0011760362271229642, "frac_fit": 0.5206138973004993, "tot_sum": -44.61298986692614}