{"frac_sum": 0.4340836012861736, "tot_fit": -0.0012699236337898705, "frac_fit": 0.458605493545317, "tot_sum": -29.520510316200046}