{"frac_sum": 3.0, "tot_fit": 0.0004678751164818235, "frac_fit": 0.6699128882984886, "tot_sum": 1.044133805396143}