{"frac_sum": 0.6452830188679245, "tot_fit": -0.0003023160818642623, "frac_fit": 1.1858727669969207, "tot_sum": -25.154132584543447}