{"frac_sum": 0.2214765100671141, "tot_fit": -0.0007728260260047048, "frac_fit": 0.43504654890197414, "tot_sum": -14.143267000365938}