{"frac_sum": 0.8155737704918032, "tot_fit": 0.00038995205706788844, "frac_fit": 1.1928427939111543, "tot_sum": 23.160786228787174}