{"frac_sum": 0.3333333333333361, "tot_fit": 0.0014358614526134121, "frac_fit": 0.2987380047505054, "tot_sum": 34.17165181296568}