{"frac_sum": 0.5717884130982359, "tot_fit": 0.0013324851679821226, "frac_fit": 0.5908239605557182, "tot_sum": 37.68373824929761}