{"frac_sum": -1.7222222222222652, "tot_fit": -5.0249455985146275e-05, "frac_fit": 3.2223056020958545, "tot_sum": 1.7085825906482555}