{"frac_sum": 0.46174142480211083, "tot_fit": -0.0014428081918956206, "frac_fit": 0.5156567263732916, "tot_sum": -35.97515565864893}