{"frac_sum": 0.6028985507246362, "tot_fit": 0.0009341644892265858, "frac_fit": 0.5882471177369691, "tot_sum": 32.74783298742498}