{"frac_sum": 0.23165137614679074, "tot_fit": 0.0016443140479594567, "frac_fit": 0.18388227692994522, "tot_sum": 41.38566719570194}