{"frac_sum": 0.4331983805667995, "tot_fit": -0.0006921905372385428, "frac_fit": 0.3528126062667031, "tot_sum": -23.44554999389537}