{"frac_sum": 1.7916666666666685, "tot_fit": 0.00017883942452150223, "frac_fit": -3.4692113155719775, "tot_sum": -13.668660725185859}