{"frac_sum": -5.964285714286069, "tot_fit": 0.00035068531314929284, "frac_fit": -2.886927718399211, "tot_sum": 5.3155902820164584}