{"frac_sum": -0.7936507936507917, "tot_fit": -0.0009582593311408831, "frac_fit": 0.7146508464397378, "tot_sum": 5.980039067268834}