{"frac_sum": 0.9662162162162162, "tot_fit": -0.0004529799321618148, "frac_fit": 0.9331473993043538, "tot_sum": -14.048345745329925}