{"frac_sum": -0.07964601769911724, "tot_fit": 0.00026995438299104446, "frac_fit": -0.3504942617106286, "tot_sum": 10.726101819069576}