{"frac_sum": 0.4271844660194154, "tot_fit": -0.001065689183227941, "frac_fit": 0.5033433124176374, "tot_sum": -29.330667806128304}