{"frac_sum": 0.4540540540540541, "tot_fit": 0.00038539842221505546, "frac_fit": 0.5151902827531589, "tot_sum": 17.560432181662406}