{"frac_sum": 1.5625000000000036, "tot_fit": 0.0001259183485839757, "frac_fit": 2.5977032264073965, "tot_sum": 4.5562202417287665}