{"frac_sum": -0.09615384615384297, "tot_fit": -0.00033293852341826594, "frac_fit": -0.35420020400374136, "tot_sum": -9.87181052374568}