{"frac_sum": 0.34042553191489283, "tot_fit": -0.0009806139498549768, "frac_fit": 0.2776736788849441, "tot_sum": -31.22909290684835}