{"frac_sum": 0.5257270693512309, "tot_fit": -0.0017192723534849449, "frac_fit": 0.5678604363044127, "tot_sum": -42.42980100109787}