{"frac_sum": 0.4098360655737705, "tot_fit": -3.7251789073214294e-05, "frac_fit": 3.0081723547942265, "tot_sum": -11.580393114393587}