{"frac_sum": 0.9926289926289924, "tot_fit": 0.0010392956477619098, "frac_fit": 1.1437983042150017, "tot_sum": 38.63295079965731}