{"frac_sum": 0.5906902086677374, "tot_fit": -0.0018468082239773674, "frac_fit": 0.6064886171015076, "tot_sum": -59.13594188743619}