{"frac_sum": 0.577075098814229, "tot_fit": 0.00047168802888029567, "frac_fit": 0.5646936614932827, "tot_sum": 24.015077524112186}