{"frac_sum": 0.4959612277867527, "tot_fit": -0.001406567382989757, "frac_fit": 0.49971524124277783, "tot_sum": -58.75625686729249}