{"frac_sum": -12.857142857140657, "tot_fit": -8.666924754119343e-05, "frac_fit": -3.367514294075447, "tot_sum": -0.6644487852522047}