{"frac_sum": 0.2334801762114536, "tot_fit": 0.0005330286916997206, "frac_fit": -0.18000904098168888, "tot_sum": 21.547124893174967}