{"frac_sum": 0.421875, "tot_fit": 0.00046883243302927067, "frac_fit": 0.4231224398183563, "tot_sum": 12.149920644609665}