{"frac_sum": -0.020527859237537305, "tot_fit": 0.0007693937905971554, "frac_fit": -0.13985276757350906, "tot_sum": 32.36814796728063}