{"frac_sum": 0.26666666666666666, "tot_fit": 0.0001901303958696403, "frac_fit": 0.13367033854555302, "tot_sum": 7.119094127700976}