{"frac_sum": -0.4336283185840784, "tot_fit": 0.0009393657874794106, "frac_fit": 0.12146852371191826, "tot_sum": 10.726101819069413}