{"frac_sum": 0.2682926829268293, "tot_fit": -0.0002919432643502891, "frac_fit": 0.27513453443660885, "tot_sum": 7.783542912953067}