{"frac_sum": -1.125984251968498, "tot_fit": -0.000755320239531333, "frac_fit": -0.3237513101112772, "tot_sum": -12.054999389573723}