{"frac_sum": 0.34897959183673505, "tot_fit": 0.0013297714176898918, "frac_fit": 0.46542570097318126, "tot_sum": 46.51141496764648}