{"frac_sum": -0.9347826086957024, "tot_fit": 0.00011587160590886825, "frac_fit": -1.3536506747742603, "tot_sum": 4.366377731656527}