{"frac_sum": 0.3872255489021956, "tot_fit": -0.0016833427446370777, "frac_fit": 0.4681440806198434, "tot_sum": -47.55554877304253}