{"frac_sum": 0.518348623853211, "tot_fit": -0.0008875732203843473, "frac_fit": 0.5531274837952749, "tot_sum": -20.69283359785161}