{"frac_sum": 0.2885572139303483, "tot_fit": 8.855660195484523e-05, "frac_fit": -0.7559027983541341, "tot_sum": 19.079172262238615}