{"frac_sum": 0.6880733944954126, "tot_fit": 0.0004568079903695852, "frac_fit": 0.6555959855453652, "tot_sum": 10.346416798925809}