{"frac_sum": 0.7023809523809523, "tot_fit": -0.0004376292774777024, "frac_fit": 0.514477218196, "tot_sum": -7.973385423025391}