{"frac_sum": 1.3222222222222235, "tot_fit": 1.9912687248636982e-05, "frac_fit": -12.690341109937268, "tot_sum": -8.542912953241455}