{"frac_sum": 0.24055666003976145, "tot_fit": -0.0014998835866831986, "frac_fit": 0.29872058975816096, "tot_sum": -47.74539128311457}