{"frac_sum": 0.7272727272727263, "tot_fit": 0.0006615181132177163, "frac_fit": 0.518482816449185, "tot_sum": 3.1324014161884435}