{"frac_sum": 0.44354838709677524, "tot_fit": 0.0007560196025860452, "frac_fit": 0.4070472340141775, "tot_sum": 11.770235624466025}