{"frac_sum": 0.6704545454545431, "tot_fit": 0.0005195018580270668, "frac_fit": 0.73226195691402, "tot_sum": 25.059211329508166}