{"frac_sum": 0.25925925925925924, "tot_fit": 0.000261332972167421, "frac_fit": 0.6621243425588669, "tot_sum": 5.125747771944702}