{"frac_sum": 0.6124999999999988, "tot_fit": 0.0007741218971136182, "frac_fit": 0.6499953957878356, "tot_sum": 22.781101208643918}