{"frac_sum": 0.5542521994134905, "tot_fit": -0.0008214353902590704, "frac_fit": 0.681338196940822, "tot_sum": -32.36814796728048}