{"frac_sum": 1.4310344827586208, "tot_fit": 0.0005834764924839391, "frac_fit": 0.9553416981667794, "tot_sum": 5.5054327920887545}