{"frac_sum": 0.8723404255319189, "tot_fit": -1.9699517358208522e-05, "frac_fit": 4.734389897173809, "tot_sum": -4.461298986692725}