{"frac_sum": 0.6829268292682966, "tot_fit": -0.0013288325401801466, "frac_fit": 0.6517350773646652, "tot_sum": -31.134171651812764}