{"frac_sum": 0.976744186046512, "tot_fit": -0.0002473549676222283, "frac_fit": 0.9459876934046249, "tot_sum": -8.163227933097403}