{"frac_sum": 0.3581395348837209, "tot_fit": 0.0007540633390851449, "frac_fit": 0.40669955173133887, "tot_sum": 20.408069832742797}