{"frac_sum": 0.8859315589353627, "tot_fit": -0.0005211709438465193, "frac_fit": 1.3462612230987565, "tot_sum": -24.964290074471734}