{"frac_sum": -0.3188405797101449, "tot_fit": 0.00058422919528367, "frac_fit": 0.31213343390370024, "tot_sum": 6.549566597484898}