{"frac_sum": 0.0875, "tot_fit": 0.00035008481669558965, "frac_fit": 0.1409294813266122, "tot_sum": 7.593700402881325}