{"frac_sum": 0.6571428571428604, "tot_fit": -0.001489569558437737, "frac_fit": 0.6950612283273199, "tot_sum": -36.544683188865335}