{"frac_sum": 0.7408906882591076, "tot_fit": 0.0005623460575888779, "frac_fit": 0.7399188532384168, "tot_sum": 23.445549993895376}