{"frac_sum": 0.2052980132450347, "tot_fit": 0.0009117613054971435, "frac_fit": 0.2673030879635445, "tot_sum": 28.666219020876746}