{"frac_sum": -0.09803921568627451, "tot_fit": 0.00031936821369083786, "frac_fit": 0.10037048978601212, "tot_sum": 9.68196801367369}