{"frac_sum": 1.4814814814814672, "tot_fit": -0.00019657050073664353, "frac_fit": 2.3450804823798097, "tot_sum": -7.688621657917281}