{"frac_sum": -0.20134228187920308, "tot_fit": 0.0008493537366881482, "frac_fit": -0.08918915865379817, "tot_sum": 14.143267000365874}