{"frac_sum": 0.5451977401129956, "tot_fit": -0.0015418068921614438, "frac_fit": 0.4481526678661077, "tot_sum": -33.60212428274896}