{"frac_sum": 0.2857142857142856, "tot_fit": 0.000485429317339291, "frac_fit": 0.4129300249427123, "tot_sum": 9.966731778781742}