{"frac_sum": 0.3101694915254238, "tot_fit": -0.002252789673109934, "frac_fit": 0.3152732068713588, "tot_sum": -56.00354047124769}