{"frac_sum": 4.058823529411756, "tot_fit": 0.00022397985316198232, "frac_fit": -0.5872137744329584, "tot_sum": -1.613661335612285}