{"frac_sum": 0.4072847682119205, "tot_fit": 0.002364494371202663, "frac_fit": 0.5229341505745165, "tot_sum": 57.332438041751914}