{"frac_sum": 0.26490066225165265, "tot_fit": -0.001165158925703762, "frac_fit": 0.33539462943460707, "tot_sum": -28.666219020876248}