{"frac_sum": 0.5759493670886076, "tot_fit": -0.0007832315735319508, "frac_fit": 0.5055365217317332, "tot_sum": -14.997558295690617}