{"frac_sum": 2.177419354838768, "tot_fit": 8.016464488196583e-05, "frac_fit": 6.309356626415039, "tot_sum": 5.8851178122327354}