{"frac_sum": 1.486486486486488, "tot_fit": -0.00041038291678825473, "frac_fit": 0.7935105048506954, "tot_sum": -3.512086436332609}