{"frac_sum": 0.5222222222222223, "tot_fit": -0.0008927258306743457, "frac_fit": 0.5709807142487637, "tot_sum": -25.62873885972447}