{"frac_sum": -0.7884615384615362, "tot_fit": -8.038035962337997e-05, "frac_fit": 4.455575772902871, "tot_sum": 4.935905261872691}