{"frac_sum": 0.7999999999999996, "tot_fit": 9.977736717463282e-05, "frac_fit": -0.4564765528952321, "tot_sum": -7.119094127701246}