{"frac_sum": 0.2328767123287676, "tot_fit": 0.0006621939135375159, "frac_fit": 0.21031539827327358, "tot_sum": 13.85850323525839}