{"frac_sum": -3.0, "tot_fit": -0.000638748492802496, "frac_fit": -0.0010838617600783234, "tot_sum": -2.8476376510803902}