{"frac_sum": 0.4069767441860465, "tot_fit": -0.0005405344401331845, "frac_fit": 0.4795499998358305, "tot_sum": -8.163227933097119}