{"frac_sum": 0.570198105081826, "tot_fit": -0.0025851869923165316, "frac_fit": 0.6544400840478014, "tot_sum": -110.20357709681113}